<?xml version="1.0" encoding="UTF-8" standalone="yes"?>
<addon id="plugin.video.foxtreams" name="[B][COLOR red]Foxtreams VOD[/B][/COLOR]" version="1.0.0" provider-name="[B][COLOR orange]Foxtreams[/B][/COLOR]">
  <extension point="xbmc.python.pluginsource"
			library="default.py">
		<provides>video</provides>
  </extension>
  <extension point="xbmc.addon.metadata">
	<summary lang="en">[COLOR red]Foxtreams VOD[/COLOR] </summary>
	<language>en</language>
	<description lang="en">[COLOR red]Top Quality Streams[/COLOR]</description>
	<platform>all</platform>
	<assets>
		<icon>icon.png</icon>
		<fanart>fanart.png</fanart>
	</assets>
  </extension>
</addon>